{"validation_loss": 4.480683326721191, "bleu": 7.983075559475823}